Halite1.txt,train,Halite
Halite2.txt,train,Halite
Halite3.txt,train,Halite
Halite4.txt,train,Halite
Halite5.txt,train,Halite
Halite6.txt,train,Halite
Halite7.txt,train,Halite
Halite8.txt,train,Halite
Halite9.txt,train,Halite
Halite10.txt,train,Halite
Halite11.txt,train,Halite
Halite12.txt,train,Halite
Halite13.txt,train,Halite
Halite14.txt,train,Halite
Halite15.txt,train,Halite
Halite16.txt,train,Halite
Halite17.txt,train,Halite
Halite18.txt,train,Halite
Halite19.txt,train,Halite
Halite20.txt,train,Halite
Halite21.txt,train,Halite
Halite22.txt,train,Halite
Halite23.txt,train,Halite
Halite24.txt,train,Halite
Halite25.txt,train,Halite
Halite26.txt,train,Halite
Halite27.txt,train,Halite
Halite28.txt,train,Halite
Halite29.txt,train,Halite
Halite30.txt,train,Halite
Halite31.txt,train,Halite
Halite32.txt,train,Halite
Halite33.txt,train,Halite
Halite34.txt,train,Halite
Halite35.txt,train,Halite
Halite36.txt,train,Halite
Halite37.txt,train,Halite
Halite38.txt,train,Halite
Halite39.txt,train,Halite
Halite40.txt,train,Halite
Halite41.txt,train,Halite
Halite42.txt,train,Halite
Halite43.txt,train,Halite
Halite44.txt,train,Halite
Halite45.txt,train,Halite
Halite46.txt,train,Halite
Halite47.txt,train,Halite
Halite48.txt,train,Halite
Halite49.txt,train,Halite
Halite50.txt,train,Halite
Halite51.txt,train,Halite
Halite52.txt,train,Halite
Halite53.txt,train,Halite
Halite54.txt,train,Halite
Halite55.txt,train,Halite
Halite56.txt,train,Halite
Halite57.txt,train,Halite
Halite58.txt,train,Halite
Halite59.txt,train,Halite
Halite60.txt,train,Halite
Halite61.txt,train,Halite
Halite62.txt,train,Halite
Halite63.txt,train,Halite
Halite64.txt,train,Halite
Halite65.txt,train,Halite
Halite66.txt,train,Halite
Halite67.txt,train,Halite
Halite68.txt,train,Halite
Halite69.txt,train,Halite
Halite70.txt,train,Halite
Halite71.txt,train,Halite
Halite72.txt,train,Halite
Halite73.txt,train,Halite
Halite74.txt,train,Halite
Halite75.txt,train,Halite
Halite76.txt,train,Halite
Halite77.txt,train,Halite
Halite78.txt,train,Halite
Halite79.txt,train,Halite
Halite80.txt,train,Halite
Halite81.txt,train,Halite
Halite82.txt,train,Halite
Halite83.txt,train,Halite
Halite84.txt,train,Halite
Halite85.txt,train,Halite
Halite86.txt,train,Halite
Halite87.txt,train,Halite
Halite88.txt,train,Halite
Halite89.txt,train,Halite
Halite90.txt,train,Halite
Halite91.txt,train,Halite
Halite92.txt,train,Halite
Halite93.txt,train,Halite
Halite94.txt,train,Halite
Halite95.txt,train,Halite
Halite96.txt,train,Halite
Halite97.txt,train,Halite
Halite98.txt,train,Halite
Halite99.txt,train,Halite
Halite100.txt,train,Halite
Halite101.txt,train,Halite
Halite102.txt,train,Halite
Halite103.txt,train,Halite
Halite104.txt,train,Halite
Halite105.txt,train,Halite
Halite106.txt,train,Halite
Halite107.txt,train,Halite
Halite108.txt,train,Halite
Halite109.txt,train,Halite
Halite110.txt,train,Halite
Halite111.txt,train,Halite
Halite112.txt,train,Halite
Halite113.txt,train,Halite
Halite114.txt,train,Halite
Halite115.txt,train,Halite
Halite116.txt,train,Halite
Halite117.txt,train,Halite
Halite118.txt,train,Halite
Halite119.txt,train,Halite
Halite120.txt,train,Halite
Halite121.txt,train,Halite
Halite122.txt,train,Halite
Halite123.txt,train,Halite
Halite124.txt,train,Halite
Halite125.txt,train,Halite
Halite126.txt,train,Halite
Halite127.txt,train,Halite
Halite128.txt,train,Halite
Halite129.txt,train,Halite
Halite130.txt,train,Halite
Halite131.txt,train,Halite
Halite132.txt,train,Halite
Halite133.txt,train,Halite
Halite134.txt,train,Halite
Halite135.txt,train,Halite
Halite136.txt,train,Halite
Halite137.txt,train,Halite
Halite138.txt,train,Halite
Halite139.txt,train,Halite
Halite140.txt,train,Halite
Halite141.txt,train,Halite
Halite142.txt,train,Halite
Halite143.txt,train,Halite
Halite144.txt,train,Halite
Halite145.txt,train,Halite
Halite146.txt,train,Halite
Halite147.txt,train,Halite
Halite148.txt,train,Halite
Halite149.txt,train,Halite
Halite150.txt,train,Halite
Halite151.txt,train,Halite
Halite152.txt,train,Halite
Halite153.txt,train,Halite
Halite154.txt,train,Halite
Halite155.txt,train,Halite
Halite156.txt,train,Halite
Halite157.txt,train,Halite
Halite158.txt,train,Halite
Halite159.txt,train,Halite
Halite160.txt,train,Halite
Halite161.txt,train,Halite
Halite162.txt,train,Halite
Halite163.txt,train,Halite
Halite164.txt,train,Halite
Halite165.txt,train,Halite
Halite166.txt,train,Halite
Halite167.txt,train,Halite
Halite168.txt,train,Halite
Halite169.txt,train,Halite
Halite170.txt,train,Halite
Halite171.txt,train,Halite
Halite172.txt,train,Halite
Halite173.txt,train,Halite
Halite174.txt,train,Halite
Halite175.txt,train,Halite
Halite176.txt,train,Halite
Halite177.txt,train,Halite
Halite178.txt,train,Halite
Halite179.txt,train,Halite
Halite180.txt,train,Halite
Halite181.txt,train,Halite
Halite182.txt,train,Halite
Halite183.txt,train,Halite
Halite184.txt,train,Halite
Halite185.txt,train,Halite
Halite186.txt,train,Halite
Halite187.txt,train,Halite
Halite188.txt,train,Halite
Halite189.txt,train,Halite
Halite190.txt,train,Halite
Halite191.txt,train,Halite
Halite192.txt,train,Halite
Halite193.txt,train,Halite
Halite194.txt,train,Halite
Halite195.txt,train,Halite
Halite196.txt,train,Halite
Halite197.txt,train,Halite
Halite198.txt,train,Halite
Halite199.txt,train,Halite
Halite200.txt,train,Halite
Halite201.txt,train,Halite
Halite202.txt,train,Halite
Halite203.txt,train,Halite
Halite204.txt,train,Halite
Halite205.txt,train,Halite
Halite206.txt,train,Halite
Halite207.txt,train,Halite
Halite208.txt,train,Halite
Halite209.txt,train,Halite
Halite210.txt,train,Halite
Halite211.txt,train,Halite
Halite212.txt,train,Halite
Halite213.txt,train,Halite
Halite214.txt,train,Halite
Halite215.txt,train,Halite
Halite216.txt,train,Halite
Halite217.txt,train,Halite
Halite218.txt,train,Halite
Halite219.txt,train,Halite
Halite220.txt,train,Halite
Halite221.txt,train,Halite
Halite222.txt,train,Halite
Halite223.txt,train,Halite
Halite224.txt,train,Halite
Halite225.txt,train,Halite
Halite226.txt,train,Halite
Halite227.txt,train,Halite
Halite228.txt,train,Halite
Halite229.txt,train,Halite
Halite230.txt,train,Halite
Halite231.txt,train,Halite
Halite232.txt,train,Halite
Halite233.txt,train,Halite
Halite234.txt,train,Halite
Halite235.txt,train,Halite
Halite236.txt,train,Halite
Halite237.txt,train,Halite
Halite238.txt,train,Halite
Halite239.txt,train,Halite
Halite240.txt,train,Halite
Halite241.txt,train,Halite
Halite242.txt,train,Halite
Halite243.txt,train,Halite
Halite244.txt,train,Halite
Halite245.txt,train,Halite
Halite246.txt,train,Halite
Halite247.txt,train,Halite
Halite248.txt,train,Halite
Halite249.txt,train,Halite
Halite250.txt,train,Halite
Halite251.txt,train,Halite
Halite252.txt,train,Halite
Halite253.txt,train,Halite
Halite254.txt,train,Halite
Halite255.txt,train,Halite
Halite256.txt,train,Halite
Halite257.txt,train,Halite
Halite258.txt,train,Halite
Halite259.txt,train,Halite
Halite260.txt,train,Halite
Halite261.txt,train,Halite
Halite262.txt,train,Halite
Halite263.txt,train,Halite
Halite264.txt,train,Halite
Halite265.txt,train,Halite
Halite266.txt,train,Halite
Halite267.txt,train,Halite
Halite268.txt,train,Halite
Halite269.txt,train,Halite
Halite270.txt,train,Halite
Halite271.txt,train,Halite
Halite272.txt,train,Halite
Halite273.txt,train,Halite
Halite274.txt,train,Halite
Halite275.txt,train,Halite
Halite276.txt,train,Halite
Halite277.txt,train,Halite
Halite278.txt,train,Halite
Halite279.txt,train,Halite
Halite280.txt,train,Halite
Halite281.txt,train,Halite
Halite282.txt,train,Halite
Halite283.txt,train,Halite
Halite284.txt,train,Halite
Halite285.txt,train,Halite
Halite286.txt,train,Halite
Halite287.txt,train,Halite
Halite288.txt,train,Halite
Halite289.txt,train,Halite
Halite290.txt,train,Halite
Halite291.txt,train,Halite
Halite292.txt,train,Halite
Halite293.txt,train,Halite
Halite294.txt,train,Halite
Halite295.txt,train,Halite
Halite296.txt,train,Halite
Halite297.txt,train,Halite
Halite298.txt,train,Halite
Halite299.txt,train,Halite
Halite300.txt,train,Halite
Quartz1.txt,train,Quartz
Quartz2.txt,train,Quartz
Quartz3.txt,train,Quartz
Quartz4.txt,train,Quartz
Quartz5.txt,train,Quartz
Quartz6.txt,train,Quartz
Quartz7.txt,train,Quartz
Quartz8.txt,train,Quartz
Quartz9.txt,train,Quartz
Quartz10.txt,train,Quartz
Quartz11.txt,train,Quartz
Quartz12.txt,train,Quartz
Quartz13.txt,train,Quartz
Quartz14.txt,train,Quartz
Quartz15.txt,train,Quartz
Quartz16.txt,train,Quartz
Quartz17.txt,train,Quartz
Quartz18.txt,train,Quartz
Quartz19.txt,train,Quartz
Quartz20.txt,train,Quartz
Quartz21.txt,train,Quartz
Quartz22.txt,train,Quartz
Quartz23.txt,train,Quartz
Quartz24.txt,train,Quartz
Quartz25.txt,train,Quartz
Quartz26.txt,train,Quartz
Quartz27.txt,train,Quartz
Quartz28.txt,train,Quartz
Quartz29.txt,train,Quartz
Quartz30.txt,train,Quartz
Quartz31.txt,train,Quartz
Quartz32.txt,train,Quartz
Quartz33.txt,train,Quartz
Quartz34.txt,train,Quartz
Quartz35.txt,train,Quartz
Quartz36.txt,train,Quartz
Quartz37.txt,train,Quartz
Quartz38.txt,train,Quartz
Quartz39.txt,train,Quartz
Quartz40.txt,train,Quartz
Quartz41.txt,train,Quartz
Quartz42.txt,train,Quartz
Quartz43.txt,train,Quartz
Quartz44.txt,train,Quartz
Quartz45.txt,train,Quartz
Quartz46.txt,train,Quartz
Quartz47.txt,train,Quartz
Quartz48.txt,train,Quartz
Quartz49.txt,train,Quartz
Quartz50.txt,train,Quartz
Quartz51.txt,train,Quartz
Quartz52.txt,train,Quartz
Quartz53.txt,train,Quartz
Quartz54.txt,train,Quartz
Quartz55.txt,train,Quartz
Quartz56.txt,train,Quartz
Quartz57.txt,train,Quartz
Quartz58.txt,train,Quartz
Quartz59.txt,train,Quartz
Quartz60.txt,train,Quartz
Quartz61.txt,train,Quartz
Quartz62.txt,train,Quartz
Quartz63.txt,train,Quartz
Quartz64.txt,train,Quartz
Quartz65.txt,train,Quartz
Quartz66.txt,train,Quartz
Quartz67.txt,train,Quartz
Quartz68.txt,train,Quartz
Quartz69.txt,train,Quartz
Quartz70.txt,train,Quartz
Quartz71.txt,train,Quartz
Quartz72.txt,train,Quartz
Quartz73.txt,train,Quartz
Quartz74.txt,train,Quartz
Quartz75.txt,train,Quartz
Quartz76.txt,train,Quartz
Quartz77.txt,train,Quartz
Quartz78.txt,train,Quartz
Quartz79.txt,train,Quartz
Quartz80.txt,train,Quartz
Quartz81.txt,train,Quartz
Quartz82.txt,train,Quartz
Quartz83.txt,train,Quartz
Quartz84.txt,train,Quartz
Quartz85.txt,train,Quartz
Quartz86.txt,train,Quartz
Quartz87.txt,train,Quartz
Quartz88.txt,train,Quartz
Quartz89.txt,train,Quartz
Quartz90.txt,train,Quartz
Quartz91.txt,train,Quartz
Quartz92.txt,train,Quartz
Quartz93.txt,train,Quartz
Quartz94.txt,train,Quartz
Quartz95.txt,train,Quartz
Quartz96.txt,train,Quartz
Quartz97.txt,train,Quartz
Quartz98.txt,train,Quartz
Quartz99.txt,train,Quartz
Quartz100.txt,train,Quartz
Quartz101.txt,train,Quartz
Quartz102.txt,train,Quartz
Quartz103.txt,train,Quartz
Quartz104.txt,train,Quartz
Quartz105.txt,train,Quartz
Quartz106.txt,train,Quartz
Quartz107.txt,train,Quartz
Quartz108.txt,train,Quartz
Quartz109.txt,train,Quartz
Quartz110.txt,train,Quartz
Quartz111.txt,train,Quartz
Quartz112.txt,train,Quartz
Quartz113.txt,train,Quartz
Quartz114.txt,train,Quartz
Quartz115.txt,train,Quartz
Quartz116.txt,train,Quartz
Quartz117.txt,train,Quartz
Quartz118.txt,train,Quartz
Quartz119.txt,train,Quartz
Quartz120.txt,train,Quartz
Quartz121.txt,train,Quartz
Quartz122.txt,train,Quartz
Quartz123.txt,train,Quartz
Quartz124.txt,train,Quartz
Quartz125.txt,train,Quartz
Quartz126.txt,train,Quartz
Quartz127.txt,train,Quartz
Quartz128.txt,train,Quartz
Quartz129.txt,train,Quartz
Quartz130.txt,train,Quartz
Quartz131.txt,train,Quartz
Quartz132.txt,train,Quartz
Quartz133.txt,train,Quartz
Quartz134.txt,train,Quartz
Quartz135.txt,train,Quartz
Quartz136.txt,train,Quartz
Quartz137.txt,train,Quartz
Quartz138.txt,train,Quartz
Quartz139.txt,train,Quartz
Quartz140.txt,train,Quartz
Quartz141.txt,train,Quartz
Quartz142.txt,train,Quartz
Quartz143.txt,train,Quartz
Quartz144.txt,train,Quartz
Quartz145.txt,train,Quartz
Quartz146.txt,train,Quartz
Quartz147.txt,train,Quartz
Quartz148.txt,train,Quartz
Quartz149.txt,train,Quartz
Quartz150.txt,train,Quartz
Quartz151.txt,train,Quartz
Quartz152.txt,train,Quartz
Quartz153.txt,train,Quartz
Quartz154.txt,train,Quartz
Quartz155.txt,train,Quartz
Quartz156.txt,train,Quartz
Quartz157.txt,train,Quartz
Quartz158.txt,train,Quartz
Quartz159.txt,train,Quartz
Quartz160.txt,train,Quartz
Quartz161.txt,train,Quartz
Quartz162.txt,train,Quartz
Quartz163.txt,train,Quartz
Quartz164.txt,train,Quartz
Quartz165.txt,train,Quartz
Quartz166.txt,train,Quartz
Quartz167.txt,train,Quartz
Quartz168.txt,train,Quartz
Quartz169.txt,train,Quartz
Quartz170.txt,train,Quartz
Quartz171.txt,train,Quartz
Quartz172.txt,train,Quartz
Quartz173.txt,train,Quartz
Quartz174.txt,train,Quartz
Quartz175.txt,train,Quartz
Quartz176.txt,train,Quartz
Quartz177.txt,train,Quartz
Quartz178.txt,train,Quartz
Quartz179.txt,train,Quartz
Quartz180.txt,train,Quartz
Quartz181.txt,train,Quartz
Quartz182.txt,train,Quartz
Quartz183.txt,train,Quartz
Quartz184.txt,train,Quartz
Quartz185.txt,train,Quartz
Quartz186.txt,train,Quartz
Quartz187.txt,train,Quartz
Quartz188.txt,train,Quartz
Quartz189.txt,train,Quartz
Quartz190.txt,train,Quartz
Quartz191.txt,train,Quartz
Quartz192.txt,train,Quartz
Quartz193.txt,train,Quartz
Quartz194.txt,train,Quartz
Quartz195.txt,train,Quartz
Quartz196.txt,train,Quartz
Quartz197.txt,train,Quartz
Quartz198.txt,train,Quartz
Quartz199.txt,train,Quartz
Quartz200.txt,train,Quartz
Quartz201.txt,train,Quartz
Quartz202.txt,train,Quartz
Quartz203.txt,train,Quartz
Quartz204.txt,train,Quartz
Quartz205.txt,train,Quartz
Quartz206.txt,train,Quartz
Quartz207.txt,train,Quartz
Quartz208.txt,train,Quartz
Quartz209.txt,train,Quartz
Quartz210.txt,train,Quartz
Quartz211.txt,train,Quartz
Quartz212.txt,train,Quartz
Quartz213.txt,train,Quartz
Quartz214.txt,train,Quartz
Quartz215.txt,train,Quartz
Quartz216.txt,train,Quartz
Quartz217.txt,train,Quartz
Quartz218.txt,train,Quartz
Quartz219.txt,train,Quartz
Quartz220.txt,train,Quartz
Quartz221.txt,train,Quartz
Quartz222.txt,train,Quartz
Quartz223.txt,train,Quartz
Quartz224.txt,train,Quartz
Quartz225.txt,train,Quartz
Quartz226.txt,train,Quartz
Quartz227.txt,train,Quartz
Quartz228.txt,train,Quartz
Quartz229.txt,train,Quartz
Quartz230.txt,train,Quartz
Quartz231.txt,train,Quartz
Quartz232.txt,train,Quartz
Quartz233.txt,train,Quartz
Quartz234.txt,train,Quartz
Quartz235.txt,train,Quartz
Quartz236.txt,train,Quartz
Quartz237.txt,train,Quartz
Quartz238.txt,train,Quartz
Quartz239.txt,train,Quartz
Quartz240.txt,train,Quartz
Quartz241.txt,train,Quartz
Quartz242.txt,train,Quartz
Quartz243.txt,train,Quartz
Quartz244.txt,train,Quartz
Quartz245.txt,train,Quartz
Quartz246.txt,train,Quartz
Quartz247.txt,train,Quartz
Quartz248.txt,train,Quartz
Quartz249.txt,train,Quartz
Quartz250.txt,train,Quartz
Quartz251.txt,train,Quartz
Quartz252.txt,train,Quartz
Quartz253.txt,train,Quartz
Quartz254.txt,train,Quartz
Quartz255.txt,train,Quartz
Quartz256.txt,train,Quartz
Quartz257.txt,train,Quartz
Quartz258.txt,train,Quartz
Quartz259.txt,train,Quartz
Quartz260.txt,train,Quartz
Quartz261.txt,train,Quartz
Quartz262.txt,train,Quartz
Quartz263.txt,train,Quartz
Quartz264.txt,train,Quartz
Quartz265.txt,train,Quartz
Quartz266.txt,train,Quartz
Quartz267.txt,train,Quartz
Quartz268.txt,train,Quartz
Quartz269.txt,train,Quartz
Quartz270.txt,train,Quartz
Quartz271.txt,train,Quartz
Quartz272.txt,train,Quartz
Quartz273.txt,train,Quartz
Quartz274.txt,train,Quartz
Quartz275.txt,train,Quartz
Quartz276.txt,train,Quartz
Quartz277.txt,train,Quartz
Quartz278.txt,train,Quartz
Quartz279.txt,train,Quartz
Quartz280.txt,train,Quartz
Quartz281.txt,train,Quartz
Quartz282.txt,train,Quartz
Quartz283.txt,train,Quartz
Quartz284.txt,train,Quartz
Quartz285.txt,train,Quartz
Quartz286.txt,train,Quartz
Quartz287.txt,train,Quartz
Quartz288.txt,train,Quartz
Quartz289.txt,train,Quartz
Quartz290.txt,train,Quartz
Quartz291.txt,train,Quartz
Quartz292.txt,train,Quartz
Quartz293.txt,train,Quartz
Quartz294.txt,train,Quartz
Quartz295.txt,train,Quartz
Quartz296.txt,train,Quartz
Quartz297.txt,train,Quartz
Quartz298.txt,train,Quartz
Quartz299.txt,train,Quartz
Quartz300.txt,train,Quartz
Dolomite1.txt,train,Dolomite
Dolomite2.txt,train,Dolomite
Dolomite3.txt,train,Dolomite
Dolomite4.txt,train,Dolomite
Dolomite5.txt,train,Dolomite
Dolomite6.txt,train,Dolomite
Dolomite7.txt,train,Dolomite
Dolomite8.txt,train,Dolomite
Dolomite9.txt,train,Dolomite
Dolomite10.txt,train,Dolomite
Dolomite11.txt,train,Dolomite
Dolomite12.txt,train,Dolomite
Dolomite13.txt,train,Dolomite
Dolomite14.txt,train,Dolomite
Dolomite15.txt,train,Dolomite
Dolomite16.txt,train,Dolomite
Dolomite17.txt,train,Dolomite
Dolomite18.txt,train,Dolomite
Dolomite19.txt,train,Dolomite
Dolomite20.txt,train,Dolomite
Dolomite21.txt,train,Dolomite
Dolomite22.txt,train,Dolomite
Dolomite23.txt,train,Dolomite
Dolomite24.txt,train,Dolomite
Dolomite25.txt,train,Dolomite
Dolomite26.txt,train,Dolomite
Dolomite27.txt,train,Dolomite
Dolomite28.txt,train,Dolomite
Dolomite29.txt,train,Dolomite
Dolomite30.txt,train,Dolomite
Dolomite31.txt,train,Dolomite
Dolomite32.txt,train,Dolomite
Dolomite33.txt,train,Dolomite
Dolomite34.txt,train,Dolomite
Dolomite35.txt,train,Dolomite
Dolomite36.txt,train,Dolomite
Dolomite37.txt,train,Dolomite
Dolomite38.txt,train,Dolomite
Dolomite39.txt,train,Dolomite
Dolomite40.txt,train,Dolomite
Dolomite41.txt,train,Dolomite
Dolomite42.txt,train,Dolomite
Dolomite43.txt,train,Dolomite
Dolomite44.txt,train,Dolomite
Dolomite45.txt,train,Dolomite
Dolomite46.txt,train,Dolomite
Dolomite47.txt,train,Dolomite
Dolomite48.txt,train,Dolomite
Dolomite49.txt,train,Dolomite
Dolomite50.txt,train,Dolomite
Dolomite51.txt,train,Dolomite
Dolomite52.txt,train,Dolomite
Dolomite53.txt,train,Dolomite
Dolomite54.txt,train,Dolomite
Dolomite55.txt,train,Dolomite
Dolomite56.txt,train,Dolomite
Dolomite57.txt,train,Dolomite
Dolomite58.txt,train,Dolomite
Dolomite59.txt,train,Dolomite
Dolomite60.txt,train,Dolomite
Dolomite61.txt,train,Dolomite
Dolomite62.txt,train,Dolomite
Dolomite63.txt,train,Dolomite
Dolomite64.txt,train,Dolomite
Dolomite65.txt,train,Dolomite
Dolomite66.txt,train,Dolomite
Dolomite67.txt,train,Dolomite
Dolomite68.txt,train,Dolomite
Dolomite69.txt,train,Dolomite
Dolomite70.txt,train,Dolomite
Dolomite71.txt,train,Dolomite
Dolomite72.txt,train,Dolomite
Dolomite73.txt,train,Dolomite
Dolomite74.txt,train,Dolomite
Dolomite75.txt,train,Dolomite
Dolomite76.txt,train,Dolomite
Dolomite77.txt,train,Dolomite
Dolomite78.txt,train,Dolomite
Dolomite79.txt,train,Dolomite
Dolomite80.txt,train,Dolomite
Dolomite81.txt,train,Dolomite
Dolomite82.txt,train,Dolomite
Dolomite83.txt,train,Dolomite
Dolomite84.txt,train,Dolomite
Dolomite85.txt,train,Dolomite
Dolomite86.txt,train,Dolomite
Dolomite87.txt,train,Dolomite
Dolomite88.txt,train,Dolomite
Dolomite89.txt,train,Dolomite
Dolomite90.txt,train,Dolomite
Dolomite91.txt,train,Dolomite
Dolomite92.txt,train,Dolomite
Dolomite93.txt,train,Dolomite
Dolomite94.txt,train,Dolomite
Dolomite95.txt,train,Dolomite
Dolomite96.txt,train,Dolomite
Dolomite97.txt,train,Dolomite
Dolomite98.txt,train,Dolomite
Dolomite99.txt,train,Dolomite
Dolomite100.txt,train,Dolomite
Dolomite101.txt,train,Dolomite
Dolomite102.txt,train,Dolomite
Dolomite103.txt,train,Dolomite
Dolomite104.txt,train,Dolomite
Dolomite105.txt,train,Dolomite
Dolomite106.txt,train,Dolomite
Dolomite107.txt,train,Dolomite
Dolomite108.txt,train,Dolomite
Dolomite109.txt,train,Dolomite
Dolomite110.txt,train,Dolomite
Dolomite111.txt,train,Dolomite
Dolomite112.txt,train,Dolomite
Dolomite113.txt,train,Dolomite
Dolomite114.txt,train,Dolomite
Dolomite115.txt,train,Dolomite
Dolomite116.txt,train,Dolomite
Dolomite117.txt,train,Dolomite
Dolomite118.txt,train,Dolomite
Dolomite119.txt,train,Dolomite
Dolomite120.txt,train,Dolomite
Dolomite121.txt,train,Dolomite
Dolomite122.txt,train,Dolomite
Dolomite123.txt,train,Dolomite
Dolomite124.txt,train,Dolomite
Dolomite125.txt,train,Dolomite
Dolomite126.txt,train,Dolomite
Dolomite127.txt,train,Dolomite
Dolomite128.txt,train,Dolomite
Dolomite129.txt,train,Dolomite
Dolomite130.txt,train,Dolomite
Dolomite131.txt,train,Dolomite
Dolomite132.txt,train,Dolomite
Dolomite133.txt,train,Dolomite
Dolomite134.txt,train,Dolomite
Dolomite135.txt,train,Dolomite
Dolomite136.txt,train,Dolomite
Dolomite137.txt,train,Dolomite
Dolomite138.txt,train,Dolomite
Dolomite139.txt,train,Dolomite
Dolomite140.txt,train,Dolomite
Dolomite141.txt,train,Dolomite
Dolomite142.txt,train,Dolomite
Dolomite143.txt,train,Dolomite
Dolomite144.txt,train,Dolomite
Dolomite145.txt,train,Dolomite
Dolomite146.txt,train,Dolomite
Dolomite147.txt,train,Dolomite
Dolomite148.txt,train,Dolomite
Dolomite149.txt,train,Dolomite
Dolomite150.txt,train,Dolomite
Dolomite151.txt,train,Dolomite
Dolomite152.txt,train,Dolomite
Dolomite153.txt,train,Dolomite
Dolomite154.txt,train,Dolomite
Dolomite155.txt,train,Dolomite
Dolomite156.txt,train,Dolomite
Dolomite157.txt,train,Dolomite
Dolomite158.txt,train,Dolomite
Dolomite159.txt,train,Dolomite
Dolomite160.txt,train,Dolomite
Dolomite161.txt,train,Dolomite
Dolomite162.txt,train,Dolomite
Dolomite163.txt,train,Dolomite
Dolomite164.txt,train,Dolomite
Dolomite165.txt,train,Dolomite
Dolomite166.txt,train,Dolomite
Dolomite167.txt,train,Dolomite
Dolomite168.txt,train,Dolomite
Dolomite169.txt,train,Dolomite
Dolomite170.txt,train,Dolomite
Dolomite171.txt,train,Dolomite
Dolomite172.txt,train,Dolomite
Dolomite173.txt,train,Dolomite
Dolomite174.txt,train,Dolomite
Dolomite175.txt,train,Dolomite
Dolomite176.txt,train,Dolomite
Dolomite177.txt,train,Dolomite
Dolomite178.txt,train,Dolomite
Dolomite179.txt,train,Dolomite
Dolomite180.txt,train,Dolomite
Dolomite181.txt,train,Dolomite
Dolomite182.txt,train,Dolomite
Dolomite183.txt,train,Dolomite
Dolomite184.txt,train,Dolomite
Dolomite185.txt,train,Dolomite
Dolomite186.txt,train,Dolomite
Dolomite187.txt,train,Dolomite
Dolomite188.txt,train,Dolomite
Dolomite189.txt,train,Dolomite
Dolomite190.txt,train,Dolomite
Dolomite191.txt,train,Dolomite
Dolomite192.txt,train,Dolomite
Dolomite193.txt,train,Dolomite
Dolomite194.txt,train,Dolomite
Dolomite195.txt,train,Dolomite
Dolomite196.txt,train,Dolomite
Dolomite197.txt,train,Dolomite
Dolomite198.txt,train,Dolomite
Dolomite199.txt,train,Dolomite
Dolomite200.txt,train,Dolomite
Dolomite201.txt,train,Dolomite
Dolomite202.txt,train,Dolomite
Dolomite203.txt,train,Dolomite
Dolomite204.txt,train,Dolomite
Dolomite205.txt,train,Dolomite
Dolomite206.txt,train,Dolomite
Dolomite207.txt,train,Dolomite
Dolomite208.txt,train,Dolomite
Dolomite209.txt,train,Dolomite
Dolomite210.txt,train,Dolomite
Dolomite211.txt,train,Dolomite
Dolomite212.txt,train,Dolomite
Dolomite213.txt,train,Dolomite
Dolomite214.txt,train,Dolomite
Dolomite215.txt,train,Dolomite
Dolomite216.txt,train,Dolomite
Dolomite217.txt,train,Dolomite
Dolomite218.txt,train,Dolomite
Dolomite219.txt,train,Dolomite
Dolomite220.txt,train,Dolomite
Dolomite221.txt,train,Dolomite
Dolomite222.txt,train,Dolomite
Dolomite223.txt,train,Dolomite
Dolomite224.txt,train,Dolomite
Dolomite225.txt,train,Dolomite
Dolomite226.txt,train,Dolomite
Dolomite227.txt,train,Dolomite
Dolomite228.txt,train,Dolomite
Dolomite229.txt,train,Dolomite
Dolomite230.txt,train,Dolomite
Dolomite231.txt,train,Dolomite
Dolomite232.txt,train,Dolomite
Dolomite233.txt,train,Dolomite
Dolomite234.txt,train,Dolomite
Dolomite235.txt,train,Dolomite
Dolomite236.txt,train,Dolomite
Dolomite237.txt,train,Dolomite
Dolomite238.txt,train,Dolomite
Dolomite239.txt,train,Dolomite
Dolomite240.txt,train,Dolomite
Dolomite241.txt,train,Dolomite
Dolomite242.txt,train,Dolomite
Dolomite243.txt,train,Dolomite
Dolomite244.txt,train,Dolomite
Dolomite245.txt,train,Dolomite
Dolomite246.txt,train,Dolomite
Dolomite247.txt,train,Dolomite
Dolomite248.txt,train,Dolomite
Dolomite249.txt,train,Dolomite
Dolomite250.txt,train,Dolomite
Dolomite251.txt,train,Dolomite
Dolomite252.txt,train,Dolomite
Dolomite253.txt,train,Dolomite
Dolomite254.txt,train,Dolomite
Dolomite255.txt,train,Dolomite
Dolomite256.txt,train,Dolomite
Dolomite257.txt,train,Dolomite
Dolomite258.txt,train,Dolomite
Dolomite259.txt,train,Dolomite
Dolomite260.txt,train,Dolomite
Dolomite261.txt,train,Dolomite
Dolomite262.txt,train,Dolomite
Dolomite263.txt,train,Dolomite
Dolomite264.txt,train,Dolomite
Dolomite265.txt,train,Dolomite
Dolomite266.txt,train,Dolomite
Dolomite267.txt,train,Dolomite
Dolomite268.txt,train,Dolomite
Dolomite269.txt,train,Dolomite
Dolomite270.txt,train,Dolomite
Dolomite271.txt,train,Dolomite
Dolomite272.txt,train,Dolomite
Dolomite273.txt,train,Dolomite
Dolomite274.txt,train,Dolomite
Dolomite275.txt,train,Dolomite
Dolomite276.txt,train,Dolomite
Dolomite277.txt,train,Dolomite
Dolomite278.txt,train,Dolomite
Dolomite279.txt,train,Dolomite
Dolomite280.txt,train,Dolomite
Dolomite281.txt,train,Dolomite
Dolomite282.txt,train,Dolomite
Dolomite283.txt,train,Dolomite
Dolomite284.txt,train,Dolomite
Dolomite285.txt,train,Dolomite
Dolomite286.txt,train,Dolomite
Dolomite287.txt,train,Dolomite
Dolomite288.txt,train,Dolomite
Dolomite289.txt,train,Dolomite
Dolomite290.txt,train,Dolomite
Dolomite291.txt,train,Dolomite
Dolomite292.txt,train,Dolomite
Dolomite293.txt,train,Dolomite
Dolomite294.txt,train,Dolomite
Dolomite295.txt,train,Dolomite
Dolomite296.txt,train,Dolomite
Dolomite297.txt,train,Dolomite
Dolomite298.txt,train,Dolomite
Dolomite299.txt,train,Dolomite
Dolomite300.txt,train,Dolomite
Calcite1.txt,train,Calcite
Calcite2.txt,train,Calcite
Calcite3.txt,train,Calcite
Calcite4.txt,train,Calcite
Calcite5.txt,train,Calcite
Calcite6.txt,train,Calcite
Calcite7.txt,train,Calcite
Calcite8.txt,train,Calcite
Calcite9.txt,train,Calcite
Calcite10.txt,train,Calcite
Calcite11.txt,train,Calcite
Calcite12.txt,train,Calcite
Calcite13.txt,train,Calcite
Calcite14.txt,train,Calcite
Calcite15.txt,train,Calcite
Calcite16.txt,train,Calcite
Calcite17.txt,train,Calcite
Calcite18.txt,train,Calcite
Calcite19.txt,train,Calcite
Calcite20.txt,train,Calcite
Calcite21.txt,train,Calcite
Calcite22.txt,train,Calcite
Calcite23.txt,train,Calcite
Calcite24.txt,train,Calcite
Calcite25.txt,train,Calcite
Calcite26.txt,train,Calcite
Calcite27.txt,train,Calcite
Calcite28.txt,train,Calcite
Calcite29.txt,train,Calcite
Calcite30.txt,train,Calcite
Calcite31.txt,train,Calcite
Calcite32.txt,train,Calcite
Calcite33.txt,train,Calcite
Calcite34.txt,train,Calcite
Calcite35.txt,train,Calcite
Calcite36.txt,train,Calcite
Calcite37.txt,train,Calcite
Calcite38.txt,train,Calcite
Calcite39.txt,train,Calcite
Calcite40.txt,train,Calcite
Calcite41.txt,train,Calcite
Calcite42.txt,train,Calcite
Calcite43.txt,train,Calcite
Calcite44.txt,train,Calcite
Calcite45.txt,train,Calcite
Calcite46.txt,train,Calcite
Calcite47.txt,train,Calcite
Calcite48.txt,train,Calcite
Calcite49.txt,train,Calcite
Calcite50.txt,train,Calcite
Calcite51.txt,train,Calcite
Calcite52.txt,train,Calcite
Calcite53.txt,train,Calcite
Calcite54.txt,train,Calcite
Calcite55.txt,train,Calcite
Calcite56.txt,train,Calcite
Calcite57.txt,train,Calcite
Calcite58.txt,train,Calcite
Calcite59.txt,train,Calcite
Calcite60.txt,train,Calcite
Calcite61.txt,train,Calcite
Calcite62.txt,train,Calcite
Calcite63.txt,train,Calcite
Calcite64.txt,train,Calcite
Calcite65.txt,train,Calcite
Calcite66.txt,train,Calcite
Calcite67.txt,train,Calcite
Calcite68.txt,train,Calcite
Calcite69.txt,train,Calcite
Calcite70.txt,train,Calcite
Calcite71.txt,train,Calcite
Calcite72.txt,train,Calcite
Calcite73.txt,train,Calcite
Calcite74.txt,train,Calcite
Calcite75.txt,train,Calcite
Calcite76.txt,train,Calcite
Calcite77.txt,train,Calcite
Calcite78.txt,train,Calcite
Calcite79.txt,train,Calcite
Calcite80.txt,train,Calcite
Calcite81.txt,train,Calcite
Calcite82.txt,train,Calcite
Calcite83.txt,train,Calcite
Calcite84.txt,train,Calcite
Calcite85.txt,train,Calcite
Calcite86.txt,train,Calcite
Calcite87.txt,train,Calcite
Calcite88.txt,train,Calcite
Calcite89.txt,train,Calcite
Calcite90.txt,train,Calcite
Calcite91.txt,train,Calcite
Calcite92.txt,train,Calcite
Calcite93.txt,train,Calcite
Calcite94.txt,train,Calcite
Calcite95.txt,train,Calcite
Calcite96.txt,train,Calcite
Calcite97.txt,train,Calcite
Calcite98.txt,train,Calcite
Calcite99.txt,train,Calcite
Calcite100.txt,train,Calcite
Calcite101.txt,train,Calcite
Calcite102.txt,train,Calcite
Calcite103.txt,train,Calcite
Calcite104.txt,train,Calcite
Calcite105.txt,train,Calcite
Calcite106.txt,train,Calcite
Calcite107.txt,train,Calcite
Calcite108.txt,train,Calcite
Calcite109.txt,train,Calcite
Calcite110.txt,train,Calcite
Calcite111.txt,train,Calcite
Calcite112.txt,train,Calcite
Calcite113.txt,train,Calcite
Calcite114.txt,train,Calcite
Calcite115.txt,train,Calcite
Calcite116.txt,train,Calcite
Calcite117.txt,train,Calcite
Calcite118.txt,train,Calcite
Calcite119.txt,train,Calcite
Calcite120.txt,train,Calcite
Calcite121.txt,train,Calcite
Calcite122.txt,train,Calcite
Calcite123.txt,train,Calcite
Calcite124.txt,train,Calcite
Calcite125.txt,train,Calcite
Calcite126.txt,train,Calcite
Calcite127.txt,train,Calcite
Calcite128.txt,train,Calcite
Calcite129.txt,train,Calcite
Calcite130.txt,train,Calcite
Calcite131.txt,train,Calcite
Calcite132.txt,train,Calcite
Calcite133.txt,train,Calcite
Calcite134.txt,train,Calcite
Calcite135.txt,train,Calcite
Calcite136.txt,train,Calcite
Calcite137.txt,train,Calcite
Calcite138.txt,train,Calcite
Calcite139.txt,train,Calcite
Calcite140.txt,train,Calcite
Calcite141.txt,train,Calcite
Calcite142.txt,train,Calcite
Calcite143.txt,train,Calcite
Calcite144.txt,train,Calcite
Calcite145.txt,train,Calcite
Calcite146.txt,train,Calcite
Calcite147.txt,train,Calcite
Calcite148.txt,train,Calcite
Calcite149.txt,train,Calcite
Calcite150.txt,train,Calcite
Calcite151.txt,train,Calcite
Calcite152.txt,train,Calcite
Calcite153.txt,train,Calcite
Calcite154.txt,train,Calcite
Calcite155.txt,train,Calcite
Calcite156.txt,train,Calcite
Calcite157.txt,train,Calcite
Calcite158.txt,train,Calcite
Calcite159.txt,train,Calcite
Calcite160.txt,train,Calcite
Calcite161.txt,train,Calcite
Calcite162.txt,train,Calcite
Calcite163.txt,train,Calcite
Calcite164.txt,train,Calcite
Calcite165.txt,train,Calcite
Calcite166.txt,train,Calcite
Calcite167.txt,train,Calcite
Calcite168.txt,train,Calcite
Calcite169.txt,train,Calcite
Calcite170.txt,train,Calcite
Calcite171.txt,train,Calcite
Calcite172.txt,train,Calcite
Calcite173.txt,train,Calcite
Calcite174.txt,train,Calcite
Calcite175.txt,train,Calcite
Calcite176.txt,train,Calcite
Calcite177.txt,train,Calcite
Calcite178.txt,train,Calcite
Calcite179.txt,train,Calcite
Calcite180.txt,train,Calcite
Calcite181.txt,train,Calcite
Calcite182.txt,train,Calcite
Calcite183.txt,train,Calcite
Calcite184.txt,train,Calcite
Calcite185.txt,train,Calcite
Calcite186.txt,train,Calcite
Calcite187.txt,train,Calcite
Calcite188.txt,train,Calcite
Calcite189.txt,train,Calcite
Calcite190.txt,train,Calcite
Calcite191.txt,train,Calcite
Calcite192.txt,train,Calcite
Calcite193.txt,train,Calcite
Calcite194.txt,train,Calcite
Calcite195.txt,train,Calcite
Calcite196.txt,train,Calcite
Calcite197.txt,train,Calcite
Calcite198.txt,train,Calcite
Calcite199.txt,train,Calcite
Calcite200.txt,train,Calcite
Calcite201.txt,train,Calcite
Calcite202.txt,train,Calcite
Calcite203.txt,train,Calcite
Calcite204.txt,train,Calcite
Calcite205.txt,train,Calcite
Calcite206.txt,train,Calcite
Calcite207.txt,train,Calcite
Calcite208.txt,train,Calcite
Calcite209.txt,train,Calcite
Calcite210.txt,train,Calcite
Calcite211.txt,train,Calcite
Calcite212.txt,train,Calcite
Calcite213.txt,train,Calcite
Calcite214.txt,train,Calcite
Calcite215.txt,train,Calcite
Calcite216.txt,train,Calcite
Calcite217.txt,train,Calcite
Calcite218.txt,train,Calcite
Calcite219.txt,train,Calcite
Calcite220.txt,train,Calcite
Calcite221.txt,train,Calcite
Calcite222.txt,train,Calcite
Calcite223.txt,train,Calcite
Calcite224.txt,train,Calcite
Calcite225.txt,train,Calcite
Calcite226.txt,train,Calcite
Calcite227.txt,train,Calcite
Calcite228.txt,train,Calcite
Calcite229.txt,train,Calcite
Calcite230.txt,train,Calcite
Calcite231.txt,train,Calcite
Calcite232.txt,train,Calcite
Calcite233.txt,train,Calcite
Calcite234.txt,train,Calcite
Calcite235.txt,train,Calcite
Calcite236.txt,train,Calcite
Calcite237.txt,train,Calcite
Calcite238.txt,train,Calcite
Calcite239.txt,train,Calcite
Calcite240.txt,train,Calcite
Calcite241.txt,train,Calcite
Calcite242.txt,train,Calcite
Calcite243.txt,train,Calcite
Calcite244.txt,train,Calcite
Calcite245.txt,train,Calcite
Calcite246.txt,train,Calcite
Calcite247.txt,train,Calcite
Calcite248.txt,train,Calcite
Calcite249.txt,train,Calcite
Calcite250.txt,train,Calcite
Calcite251.txt,train,Calcite
Calcite252.txt,train,Calcite
Calcite253.txt,train,Calcite
Calcite254.txt,train,Calcite
Calcite255.txt,train,Calcite
Calcite256.txt,train,Calcite
Calcite257.txt,train,Calcite
Calcite258.txt,train,Calcite
Calcite259.txt,train,Calcite
Calcite260.txt,train,Calcite
Calcite261.txt,train,Calcite
Calcite262.txt,train,Calcite
Calcite263.txt,train,Calcite
Calcite264.txt,train,Calcite
Calcite265.txt,train,Calcite
Calcite266.txt,train,Calcite
Calcite267.txt,train,Calcite
Calcite268.txt,train,Calcite
Calcite269.txt,train,Calcite
Calcite270.txt,train,Calcite
Calcite271.txt,train,Calcite
Calcite272.txt,train,Calcite
Calcite273.txt,train,Calcite
Calcite274.txt,train,Calcite
Calcite275.txt,train,Calcite
Calcite276.txt,train,Calcite
Calcite277.txt,train,Calcite
Calcite278.txt,train,Calcite
Calcite279.txt,train,Calcite
Calcite280.txt,train,Calcite
Calcite281.txt,train,Calcite
Calcite282.txt,train,Calcite
Calcite283.txt,train,Calcite
Calcite284.txt,train,Calcite
Calcite285.txt,train,Calcite
Calcite286.txt,train,Calcite
Calcite287.txt,train,Calcite
Calcite288.txt,train,Calcite
Calcite289.txt,train,Calcite
Calcite290.txt,train,Calcite
Calcite291.txt,train,Calcite
Calcite292.txt,train,Calcite
Calcite293.txt,train,Calcite
Calcite294.txt,train,Calcite
Calcite295.txt,train,Calcite
Calcite296.txt,train,Calcite
Calcite297.txt,train,Calcite
Calcite298.txt,train,Calcite
Calcite299.txt,train,Calcite
Calcite300.txt,train,Calcite
Gibbsite1.txt,train,Gibbsite
Gibbsite2.txt,train,Gibbsite
Gibbsite3.txt,train,Gibbsite
Gibbsite4.txt,train,Gibbsite
Gibbsite5.txt,train,Gibbsite
Gibbsite6.txt,train,Gibbsite
Gibbsite7.txt,train,Gibbsite
Gibbsite8.txt,train,Gibbsite
Gibbsite9.txt,train,Gibbsite
Gibbsite10.txt,train,Gibbsite
Gibbsite11.txt,train,Gibbsite
Gibbsite12.txt,train,Gibbsite
Gibbsite13.txt,train,Gibbsite
Gibbsite14.txt,train,Gibbsite
Gibbsite15.txt,train,Gibbsite
Gibbsite16.txt,train,Gibbsite
Gibbsite17.txt,train,Gibbsite
Gibbsite18.txt,train,Gibbsite
Gibbsite19.txt,train,Gibbsite
Gibbsite20.txt,train,Gibbsite
Gibbsite21.txt,train,Gibbsite
Gibbsite22.txt,train,Gibbsite
Gibbsite23.txt,train,Gibbsite
Gibbsite24.txt,train,Gibbsite
Gibbsite25.txt,train,Gibbsite
Gibbsite26.txt,train,Gibbsite
Gibbsite27.txt,train,Gibbsite
Gibbsite28.txt,train,Gibbsite
Gibbsite29.txt,train,Gibbsite
Gibbsite30.txt,train,Gibbsite
Gibbsite31.txt,train,Gibbsite
Gibbsite32.txt,train,Gibbsite
Gibbsite33.txt,train,Gibbsite
Gibbsite34.txt,train,Gibbsite
Gibbsite35.txt,train,Gibbsite
Gibbsite36.txt,train,Gibbsite
Gibbsite37.txt,train,Gibbsite
Gibbsite38.txt,train,Gibbsite
Gibbsite39.txt,train,Gibbsite
Gibbsite40.txt,train,Gibbsite
Gibbsite41.txt,train,Gibbsite
Gibbsite42.txt,train,Gibbsite
Gibbsite43.txt,train,Gibbsite
Gibbsite44.txt,train,Gibbsite
Gibbsite45.txt,train,Gibbsite
Gibbsite46.txt,train,Gibbsite
Gibbsite47.txt,train,Gibbsite
Gibbsite48.txt,train,Gibbsite
Gibbsite49.txt,train,Gibbsite
Gibbsite50.txt,train,Gibbsite
Gibbsite51.txt,train,Gibbsite
Gibbsite52.txt,train,Gibbsite
Gibbsite53.txt,train,Gibbsite
Gibbsite54.txt,train,Gibbsite
Gibbsite55.txt,train,Gibbsite
Gibbsite56.txt,train,Gibbsite
Gibbsite57.txt,train,Gibbsite
Gibbsite58.txt,train,Gibbsite
Gibbsite59.txt,train,Gibbsite
Gibbsite60.txt,train,Gibbsite
Gibbsite61.txt,train,Gibbsite
Gibbsite62.txt,train,Gibbsite
Gibbsite63.txt,train,Gibbsite
Gibbsite64.txt,train,Gibbsite
Gibbsite65.txt,train,Gibbsite
Gibbsite66.txt,train,Gibbsite
Gibbsite67.txt,train,Gibbsite
Gibbsite68.txt,train,Gibbsite
Gibbsite69.txt,train,Gibbsite
Gibbsite70.txt,train,Gibbsite
Gibbsite71.txt,train,Gibbsite
Gibbsite72.txt,train,Gibbsite
Gibbsite73.txt,train,Gibbsite
Gibbsite74.txt,train,Gibbsite
Gibbsite75.txt,train,Gibbsite
Gibbsite76.txt,train,Gibbsite
Gibbsite77.txt,train,Gibbsite
Gibbsite78.txt,train,Gibbsite
Gibbsite79.txt,train,Gibbsite
Gibbsite80.txt,train,Gibbsite
Gibbsite81.txt,train,Gibbsite
Gibbsite82.txt,train,Gibbsite
Gibbsite83.txt,train,Gibbsite
Gibbsite84.txt,train,Gibbsite
Gibbsite85.txt,train,Gibbsite
Gibbsite86.txt,train,Gibbsite
Gibbsite87.txt,train,Gibbsite
Gibbsite88.txt,train,Gibbsite
Gibbsite89.txt,train,Gibbsite
Gibbsite90.txt,train,Gibbsite
Gibbsite91.txt,train,Gibbsite
Gibbsite92.txt,train,Gibbsite
Gibbsite93.txt,train,Gibbsite
Gibbsite94.txt,train,Gibbsite
Gibbsite95.txt,train,Gibbsite
Gibbsite96.txt,train,Gibbsite
Gibbsite97.txt,train,Gibbsite
Gibbsite98.txt,train,Gibbsite
Gibbsite99.txt,train,Gibbsite
Gibbsite100.txt,train,Gibbsite
Gibbsite101.txt,train,Gibbsite
Gibbsite102.txt,train,Gibbsite
Gibbsite103.txt,train,Gibbsite
Gibbsite104.txt,train,Gibbsite
Gibbsite105.txt,train,Gibbsite
Gibbsite106.txt,train,Gibbsite
Gibbsite107.txt,train,Gibbsite
Gibbsite108.txt,train,Gibbsite
Gibbsite109.txt,train,Gibbsite
Gibbsite110.txt,train,Gibbsite
Gibbsite111.txt,train,Gibbsite
Gibbsite112.txt,train,Gibbsite
Gibbsite113.txt,train,Gibbsite
Gibbsite114.txt,train,Gibbsite
Gibbsite115.txt,train,Gibbsite
Gibbsite116.txt,train,Gibbsite
Gibbsite117.txt,train,Gibbsite
Gibbsite118.txt,train,Gibbsite
Gibbsite119.txt,train,Gibbsite
Gibbsite120.txt,train,Gibbsite
Gibbsite121.txt,train,Gibbsite
Gibbsite122.txt,train,Gibbsite
Gibbsite123.txt,train,Gibbsite
Gibbsite124.txt,train,Gibbsite
Gibbsite125.txt,train,Gibbsite
Gibbsite126.txt,train,Gibbsite
Gibbsite127.txt,train,Gibbsite
Gibbsite128.txt,train,Gibbsite
Gibbsite129.txt,train,Gibbsite
Gibbsite130.txt,train,Gibbsite
Gibbsite131.txt,train,Gibbsite
Gibbsite132.txt,train,Gibbsite
Gibbsite133.txt,train,Gibbsite
Gibbsite134.txt,train,Gibbsite
Gibbsite135.txt,train,Gibbsite
Gibbsite136.txt,train,Gibbsite
Gibbsite137.txt,train,Gibbsite
Gibbsite138.txt,train,Gibbsite
Gibbsite139.txt,train,Gibbsite
Gibbsite140.txt,train,Gibbsite
Gibbsite141.txt,train,Gibbsite
Gibbsite142.txt,train,Gibbsite
Gibbsite143.txt,train,Gibbsite
Gibbsite144.txt,train,Gibbsite
Gibbsite145.txt,train,Gibbsite
Gibbsite146.txt,train,Gibbsite
Gibbsite147.txt,train,Gibbsite
Gibbsite148.txt,train,Gibbsite
Gibbsite149.txt,train,Gibbsite
Gibbsite150.txt,train,Gibbsite
Gibbsite151.txt,train,Gibbsite
Gibbsite152.txt,train,Gibbsite
Gibbsite153.txt,train,Gibbsite
Gibbsite154.txt,train,Gibbsite
Gibbsite155.txt,train,Gibbsite
Gibbsite156.txt,train,Gibbsite
Gibbsite157.txt,train,Gibbsite
Gibbsite158.txt,train,Gibbsite
Gibbsite159.txt,train,Gibbsite
Gibbsite160.txt,train,Gibbsite
Gibbsite161.txt,train,Gibbsite
Gibbsite162.txt,train,Gibbsite
Gibbsite163.txt,train,Gibbsite
Gibbsite164.txt,train,Gibbsite
Gibbsite165.txt,train,Gibbsite
Gibbsite166.txt,train,Gibbsite
Gibbsite167.txt,train,Gibbsite
Gibbsite168.txt,train,Gibbsite
Gibbsite169.txt,train,Gibbsite
Gibbsite170.txt,train,Gibbsite
Gibbsite171.txt,train,Gibbsite
Gibbsite172.txt,train,Gibbsite
Gibbsite173.txt,train,Gibbsite
Gibbsite174.txt,train,Gibbsite
Gibbsite175.txt,train,Gibbsite
Gibbsite176.txt,train,Gibbsite
Gibbsite177.txt,train,Gibbsite
Gibbsite178.txt,train,Gibbsite
Gibbsite179.txt,train,Gibbsite
Gibbsite180.txt,train,Gibbsite
Gibbsite181.txt,train,Gibbsite
Gibbsite182.txt,train,Gibbsite
Gibbsite183.txt,train,Gibbsite
Gibbsite184.txt,train,Gibbsite
Gibbsite185.txt,train,Gibbsite
Gibbsite186.txt,train,Gibbsite
Gibbsite187.txt,train,Gibbsite
Gibbsite188.txt,train,Gibbsite
Gibbsite189.txt,train,Gibbsite
Gibbsite190.txt,train,Gibbsite
Gibbsite191.txt,train,Gibbsite
Gibbsite192.txt,train,Gibbsite
Gibbsite193.txt,train,Gibbsite
Gibbsite194.txt,train,Gibbsite
Gibbsite195.txt,train,Gibbsite
Gibbsite196.txt,train,Gibbsite
Gibbsite197.txt,train,Gibbsite
Gibbsite198.txt,train,Gibbsite
Gibbsite199.txt,train,Gibbsite
Gibbsite200.txt,train,Gibbsite
Gibbsite201.txt,train,Gibbsite
Gibbsite202.txt,train,Gibbsite
Gibbsite203.txt,train,Gibbsite
Gibbsite204.txt,train,Gibbsite
Gibbsite205.txt,train,Gibbsite
Gibbsite206.txt,train,Gibbsite
Gibbsite207.txt,train,Gibbsite
Gibbsite208.txt,train,Gibbsite
Gibbsite209.txt,train,Gibbsite
Gibbsite210.txt,train,Gibbsite
Gibbsite211.txt,train,Gibbsite
Gibbsite212.txt,train,Gibbsite
Gibbsite213.txt,train,Gibbsite
Gibbsite214.txt,train,Gibbsite
Gibbsite215.txt,train,Gibbsite
Gibbsite216.txt,train,Gibbsite
Gibbsite217.txt,train,Gibbsite
Gibbsite218.txt,train,Gibbsite
Gibbsite219.txt,train,Gibbsite
Gibbsite220.txt,train,Gibbsite
Gibbsite221.txt,train,Gibbsite
Gibbsite222.txt,train,Gibbsite
Gibbsite223.txt,train,Gibbsite
Gibbsite224.txt,train,Gibbsite
Gibbsite225.txt,train,Gibbsite
Gibbsite226.txt,train,Gibbsite
Gibbsite227.txt,train,Gibbsite
Gibbsite228.txt,train,Gibbsite
Gibbsite229.txt,train,Gibbsite
Gibbsite230.txt,train,Gibbsite
Gibbsite231.txt,train,Gibbsite
Gibbsite232.txt,train,Gibbsite
Gibbsite233.txt,train,Gibbsite
Gibbsite234.txt,train,Gibbsite
Gibbsite235.txt,train,Gibbsite
Gibbsite236.txt,train,Gibbsite
Gibbsite237.txt,train,Gibbsite
Gibbsite238.txt,train,Gibbsite
Gibbsite239.txt,train,Gibbsite
Gibbsite240.txt,train,Gibbsite
Gibbsite241.txt,train,Gibbsite
Gibbsite242.txt,train,Gibbsite
Gibbsite243.txt,train,Gibbsite
Gibbsite244.txt,train,Gibbsite
Gibbsite245.txt,train,Gibbsite
Gibbsite246.txt,train,Gibbsite
Gibbsite247.txt,train,Gibbsite
Gibbsite248.txt,train,Gibbsite
Gibbsite249.txt,train,Gibbsite
Gibbsite250.txt,train,Gibbsite
Gibbsite251.txt,train,Gibbsite
Gibbsite252.txt,train,Gibbsite
Gibbsite253.txt,train,Gibbsite
Gibbsite254.txt,train,Gibbsite
Gibbsite255.txt,train,Gibbsite
Gibbsite256.txt,train,Gibbsite
Gibbsite257.txt,train,Gibbsite
Gibbsite258.txt,train,Gibbsite
Gibbsite259.txt,train,Gibbsite
Gibbsite260.txt,train,Gibbsite
Gibbsite261.txt,train,Gibbsite
Gibbsite262.txt,train,Gibbsite
Gibbsite263.txt,train,Gibbsite
Gibbsite264.txt,train,Gibbsite
Gibbsite265.txt,train,Gibbsite
Gibbsite266.txt,train,Gibbsite
Gibbsite267.txt,train,Gibbsite
Gibbsite268.txt,train,Gibbsite
Gibbsite269.txt,train,Gibbsite
Gibbsite270.txt,train,Gibbsite
Gibbsite271.txt,train,Gibbsite
Gibbsite272.txt,train,Gibbsite
Gibbsite273.txt,train,Gibbsite
Gibbsite274.txt,train,Gibbsite
Gibbsite275.txt,train,Gibbsite
Gibbsite276.txt,train,Gibbsite
Gibbsite277.txt,train,Gibbsite
Gibbsite278.txt,train,Gibbsite
Gibbsite279.txt,train,Gibbsite
Gibbsite280.txt,train,Gibbsite
Gibbsite281.txt,train,Gibbsite
Gibbsite282.txt,train,Gibbsite
Gibbsite283.txt,train,Gibbsite
Gibbsite284.txt,train,Gibbsite
Gibbsite285.txt,train,Gibbsite
Gibbsite286.txt,train,Gibbsite
Gibbsite287.txt,train,Gibbsite
Gibbsite288.txt,train,Gibbsite
Gibbsite289.txt,train,Gibbsite
Gibbsite290.txt,train,Gibbsite
Gibbsite291.txt,train,Gibbsite
Gibbsite292.txt,train,Gibbsite
Gibbsite293.txt,train,Gibbsite
Gibbsite294.txt,train,Gibbsite
Gibbsite295.txt,train,Gibbsite
Gibbsite296.txt,train,Gibbsite
Gibbsite297.txt,train,Gibbsite
Gibbsite298.txt,train,Gibbsite
Gibbsite299.txt,train,Gibbsite
Gibbsite300.txt,train,Gibbsite
Hematite1.txt,train,Hematite
Hematite2.txt,train,Hematite
Hematite3.txt,train,Hematite
Hematite4.txt,train,Hematite
Hematite5.txt,train,Hematite
Hematite6.txt,train,Hematite
Hematite7.txt,train,Hematite
Hematite8.txt,train,Hematite
Hematite9.txt,train,Hematite
Hematite10.txt,train,Hematite
Hematite11.txt,train,Hematite
Hematite12.txt,train,Hematite
Hematite13.txt,train,Hematite
Hematite14.txt,train,Hematite
Hematite15.txt,train,Hematite
Hematite16.txt,train,Hematite
Hematite17.txt,train,Hematite
Hematite18.txt,train,Hematite
Hematite19.txt,train,Hematite
Hematite20.txt,train,Hematite
Hematite21.txt,train,Hematite
Hematite22.txt,train,Hematite
Hematite23.txt,train,Hematite
Hematite24.txt,train,Hematite
Hematite25.txt,train,Hematite
Hematite26.txt,train,Hematite
Hematite27.txt,train,Hematite
Hematite28.txt,train,Hematite
Hematite29.txt,train,Hematite
Hematite30.txt,train,Hematite
Hematite31.txt,train,Hematite
Hematite32.txt,train,Hematite
Hematite33.txt,train,Hematite
Hematite34.txt,train,Hematite
Hematite35.txt,train,Hematite
Hematite36.txt,train,Hematite
Hematite37.txt,train,Hematite
Hematite38.txt,train,Hematite
Hematite39.txt,train,Hematite
Hematite40.txt,train,Hematite
Hematite41.txt,train,Hematite
Hematite42.txt,train,Hematite
Hematite43.txt,train,Hematite
Hematite44.txt,train,Hematite
Hematite45.txt,train,Hematite
Hematite46.txt,train,Hematite
Hematite47.txt,train,Hematite
Hematite48.txt,train,Hematite
Hematite49.txt,train,Hematite
Hematite50.txt,train,Hematite
Hematite51.txt,train,Hematite
Hematite52.txt,train,Hematite
Hematite53.txt,train,Hematite
Hematite54.txt,train,Hematite
Hematite55.txt,train,Hematite
Hematite56.txt,train,Hematite
Hematite57.txt,train,Hematite
Hematite58.txt,train,Hematite
Hematite59.txt,train,Hematite
Hematite60.txt,train,Hematite
Hematite61.txt,train,Hematite
Hematite62.txt,train,Hematite
Hematite63.txt,train,Hematite
Hematite64.txt,train,Hematite
Hematite65.txt,train,Hematite
Hematite66.txt,train,Hematite
Hematite67.txt,train,Hematite
Hematite68.txt,train,Hematite
Hematite69.txt,train,Hematite
Hematite70.txt,train,Hematite
Hematite71.txt,train,Hematite
Hematite72.txt,train,Hematite
Hematite73.txt,train,Hematite
Hematite74.txt,train,Hematite
Hematite75.txt,train,Hematite
Hematite76.txt,train,Hematite
Hematite77.txt,train,Hematite
Hematite78.txt,train,Hematite
Hematite79.txt,train,Hematite
Hematite80.txt,train,Hematite
Hematite81.txt,train,Hematite
Hematite82.txt,train,Hematite
Hematite83.txt,train,Hematite
Hematite84.txt,train,Hematite
Hematite85.txt,train,Hematite
Hematite86.txt,train,Hematite
Hematite87.txt,train,Hematite
Hematite88.txt,train,Hematite
Hematite89.txt,train,Hematite
Hematite90.txt,train,Hematite
Hematite91.txt,train,Hematite
Hematite92.txt,train,Hematite
Hematite93.txt,train,Hematite
Hematite94.txt,train,Hematite
Hematite95.txt,train,Hematite
Hematite96.txt,train,Hematite
Hematite97.txt,train,Hematite
Hematite98.txt,train,Hematite
Hematite99.txt,train,Hematite
Hematite100.txt,train,Hematite
Hematite101.txt,train,Hematite
Hematite102.txt,train,Hematite
Hematite103.txt,train,Hematite
Hematite104.txt,train,Hematite
Hematite105.txt,train,Hematite
Hematite106.txt,train,Hematite
Hematite107.txt,train,Hematite
Hematite108.txt,train,Hematite
Hematite109.txt,train,Hematite
Hematite110.txt,train,Hematite
Hematite111.txt,train,Hematite
Hematite112.txt,train,Hematite
Hematite113.txt,train,Hematite
Hematite114.txt,train,Hematite
Hematite115.txt,train,Hematite
Hematite116.txt,train,Hematite
Hematite117.txt,train,Hematite
Hematite118.txt,train,Hematite
Hematite119.txt,train,Hematite
Hematite120.txt,train,Hematite
Hematite121.txt,train,Hematite
Hematite122.txt,train,Hematite
Hematite123.txt,train,Hematite
Hematite124.txt,train,Hematite
Hematite125.txt,train,Hematite
Hematite126.txt,train,Hematite
Hematite127.txt,train,Hematite
Hematite128.txt,train,Hematite
Hematite129.txt,train,Hematite
Hematite130.txt,train,Hematite
Hematite131.txt,train,Hematite
Hematite132.txt,train,Hematite
Hematite133.txt,train,Hematite
Hematite134.txt,train,Hematite
Hematite135.txt,train,Hematite
Hematite136.txt,train,Hematite
Hematite137.txt,train,Hematite
Hematite138.txt,train,Hematite
Hematite139.txt,train,Hematite
Hematite140.txt,train,Hematite
Hematite141.txt,train,Hematite
Hematite142.txt,train,Hematite
Hematite143.txt,train,Hematite
Hematite144.txt,train,Hematite
Hematite145.txt,train,Hematite
Hematite146.txt,train,Hematite
Hematite147.txt,train,Hematite
Hematite148.txt,train,Hematite
Hematite149.txt,train,Hematite
Hematite150.txt,train,Hematite
Hematite151.txt,train,Hematite
Hematite152.txt,train,Hematite
Hematite153.txt,train,Hematite
Hematite154.txt,train,Hematite
Hematite155.txt,train,Hematite
Hematite156.txt,train,Hematite
Hematite157.txt,train,Hematite
Hematite158.txt,train,Hematite
Hematite159.txt,train,Hematite
Hematite160.txt,train,Hematite
Hematite161.txt,train,Hematite
Hematite162.txt,train,Hematite
Hematite163.txt,train,Hematite
Hematite164.txt,train,Hematite
Hematite165.txt,train,Hematite
Hematite166.txt,train,Hematite
Hematite167.txt,train,Hematite
Hematite168.txt,train,Hematite
Hematite169.txt,train,Hematite
Hematite170.txt,train,Hematite
Hematite171.txt,train,Hematite
Hematite172.txt,train,Hematite
Hematite173.txt,train,Hematite
Hematite174.txt,train,Hematite
Hematite175.txt,train,Hematite
Hematite176.txt,train,Hematite
Hematite177.txt,train,Hematite
Hematite178.txt,train,Hematite
Hematite179.txt,train,Hematite
Hematite180.txt,train,Hematite
Hematite181.txt,train,Hematite
Hematite182.txt,train,Hematite
Hematite183.txt,train,Hematite
Hematite184.txt,train,Hematite
Hematite185.txt,train,Hematite
Hematite186.txt,train,Hematite
Hematite187.txt,train,Hematite
Hematite188.txt,train,Hematite
Hematite189.txt,train,Hematite
Hematite190.txt,train,Hematite
Hematite191.txt,train,Hematite
Hematite192.txt,train,Hematite
Hematite193.txt,train,Hematite
Hematite194.txt,train,Hematite
Hematite195.txt,train,Hematite
Hematite196.txt,train,Hematite
Hematite197.txt,train,Hematite
Hematite198.txt,train,Hematite
Hematite199.txt,train,Hematite
Hematite200.txt,train,Hematite
Hematite201.txt,train,Hematite
Hematite202.txt,train,Hematite
Hematite203.txt,train,Hematite
Hematite204.txt,train,Hematite
Hematite205.txt,train,Hematite
Hematite206.txt,train,Hematite
Hematite207.txt,train,Hematite
Hematite208.txt,train,Hematite
Hematite209.txt,train,Hematite
Hematite210.txt,train,Hematite
Hematite211.txt,train,Hematite
Hematite212.txt,train,Hematite
Hematite213.txt,train,Hematite
Hematite214.txt,train,Hematite
Hematite215.txt,train,Hematite
Hematite216.txt,train,Hematite
Hematite217.txt,train,Hematite
Hematite218.txt,train,Hematite
Hematite219.txt,train,Hematite
Hematite220.txt,train,Hematite
Hematite221.txt,train,Hematite
Hematite222.txt,train,Hematite
Hematite223.txt,train,Hematite
Hematite224.txt,train,Hematite
Hematite225.txt,train,Hematite
Hematite226.txt,train,Hematite
Hematite227.txt,train,Hematite
Hematite228.txt,train,Hematite
Hematite229.txt,train,Hematite
Hematite230.txt,train,Hematite
Hematite231.txt,train,Hematite
Hematite232.txt,train,Hematite
Hematite233.txt,train,Hematite
Hematite234.txt,train,Hematite
Hematite235.txt,train,Hematite
Hematite236.txt,train,Hematite
Hematite237.txt,train,Hematite
Hematite238.txt,train,Hematite
Hematite239.txt,train,Hematite
Hematite240.txt,train,Hematite
Hematite241.txt,train,Hematite
Hematite242.txt,train,Hematite
Hematite243.txt,train,Hematite
Hematite244.txt,train,Hematite
Hematite245.txt,train,Hematite
Hematite246.txt,train,Hematite
Hematite247.txt,train,Hematite
Hematite248.txt,train,Hematite
Hematite249.txt,train,Hematite
Hematite250.txt,train,Hematite
Hematite251.txt,train,Hematite
Hematite252.txt,train,Hematite
Hematite253.txt,train,Hematite
Hematite254.txt,train,Hematite
Hematite255.txt,train,Hematite
Hematite256.txt,train,Hematite
Hematite257.txt,train,Hematite
Hematite258.txt,train,Hematite
Hematite259.txt,train,Hematite
Hematite260.txt,train,Hematite
Hematite261.txt,train,Hematite
Hematite262.txt,train,Hematite
Hematite263.txt,train,Hematite
Hematite264.txt,train,Hematite
Hematite265.txt,train,Hematite
Hematite266.txt,train,Hematite
Hematite267.txt,train,Hematite
Hematite268.txt,train,Hematite
Hematite269.txt,train,Hematite
Hematite270.txt,train,Hematite
Hematite271.txt,train,Hematite
Hematite272.txt,train,Hematite
Hematite273.txt,train,Hematite
Hematite274.txt,train,Hematite
Hematite275.txt,train,Hematite
Hematite276.txt,train,Hematite
Hematite277.txt,train,Hematite
Hematite278.txt,train,Hematite
Hematite279.txt,train,Hematite
Hematite280.txt,train,Hematite
Hematite281.txt,train,Hematite
Hematite282.txt,train,Hematite
Hematite283.txt,train,Hematite
Hematite284.txt,train,Hematite
Hematite285.txt,train,Hematite
Hematite286.txt,train,Hematite
Hematite287.txt,train,Hematite
Hematite288.txt,train,Hematite
Hematite289.txt,train,Hematite
Hematite290.txt,train,Hematite
Hematite291.txt,train,Hematite
Hematite292.txt,train,Hematite
Hematite293.txt,train,Hematite
Hematite294.txt,train,Hematite
Hematite295.txt,train,Hematite
Hematite296.txt,train,Hematite
Hematite297.txt,train,Hematite
Hematite298.txt,train,Hematite
Hematite299.txt,train,Hematite
Hematite300.txt,train,Hematite
